date,value,series_id,indicator_name,frequency,unit,geography,geo_level
2017-01-01,18131.7,GDPC1,Real GDP,Quarterly,Billions of Chained 2017 Dollars,United States,National
2017-04-01,18177.7,GDPC1,Real GDP,Quarterly,Billions of Chained 2017 Dollars,United States,National
2017-07-01,18330.1,GDPC1,Real GDP,Quarterly,Billions of Chained 2017 Dollars,United States,National
2017-10-01,18465.4,GDPC1,Real GDP,Quarterly,Billions of Chained 2017 Dollars,United States,National
2018-01-01,18556.5,GDPC1,Real GDP,Quarterly,Billions of Chained 2017 Dollars,United States,National
2018-04-01,18664.7,GDPC1,Real GDP,Quarterly,Billions of Chained 2017 Dollars,United States,National
2018-07-01,18856.6,GDPC1,Real GDP,Quarterly,Billions of Chained 2017 Dollars,United States,National
2018-10-01,18983.5,GDPC1,Real GDP,Quarterly,Billions of Chained 2017 Dollars,United States,National
2019-01-01,19046.3,GDPC1,Real GDP,Quarterly,Billions of Chained 2017 Dollars,United States,National
2019-04-01,19168.9,GDPC1,Real GDP,Quarterly,Billions of Chained 2017 Dollars,United States,National
2019-07-01,19215.5,GDPC1,Real GDP,Quarterly,Billions of Chained 2017 Dollars,United States,National
2019-10-01,19299.4,GDPC1,Real GDP,Quarterly,Billions of Chained 2017 Dollars,United States,National
2020-01-01,19414.9,GDPC1,Real GDP,Quarterly,Billions of Chained 2017 Dollars,United States,National
2020-04-01,17694.4,GDPC1,Real GDP,Quarterly,Billions of Chained 2017 Dollars,United States,National
2020-07-01,19096.3,GDPC1,Real GDP,Quarterly,Billions of Chained 2017 Dollars,United States,National
2020-10-01,19042.0,GDPC1,Real GDP,Quarterly,Billions of Chained 2017 Dollars,United States,National
2021-01-01,19078.5,GDPC1,Real GDP,Quarterly,Billions of Chained 2017 Dollars,United States,National
2021-04-01,19128.1,GDPC1,Real GDP,Quarterly,Billions of Chained 2017 Dollars,United States,National
2021-07-01,19160.0,GDPC1,Real GDP,Quarterly,Billions of Chained 2017 Dollars,United States,National
2021-10-01,19298.8,GDPC1,Real GDP,Quarterly,Billions of Chained 2017 Dollars,United States,National
2022-01-01,19350.8,GDPC1,Real GDP,Quarterly,Billions of Chained 2017 Dollars,United States,National
2022-04-01,19363.6,GDPC1,Real GDP,Quarterly,Billions of Chained 2017 Dollars,United States,National
2022-07-01,19511.0,GDPC1,Real GDP,Quarterly,Billions of Chained 2017 Dollars,United States,National
2022-10-01,19605.7,GDPC1,Real GDP,Quarterly,Billions of Chained 2017 Dollars,United States,National
2023-01-01,19720.4,GDPC1,Real GDP,Quarterly,Billions of Chained 2017 Dollars,United States,National
2023-04-01,19747.4,GDPC1,Real GDP,Quarterly,Billions of Chained 2017 Dollars,United States,National
2023-07-01,19785.1,GDPC1,Real GDP,Quarterly,Billions of Chained 2017 Dollars,United States,National
2023-10-01,19896.4,GDPC1,Real GDP,Quarterly,Billions of Chained 2017 Dollars,United States,National
2024-01-01,19908.9,GDPC1,Real GDP,Quarterly,Billions of Chained 2017 Dollars,United States,National
2024-04-01,20029.0,GDPC1,Real GDP,Quarterly,Billions of Chained 2017 Dollars,United States,National
2024-07-01,20133.5,GDPC1,Real GDP,Quarterly,Billions of Chained 2017 Dollars,United States,National
2024-10-01,20227.5,GDPC1,Real GDP,Quarterly,Billions of Chained 2017 Dollars,United States,National
2025-01-01,20263.2,GDPC1,Real GDP,Quarterly,Billions of Chained 2017 Dollars,United States,National
2025-04-01,20499.2,GDPC1,Real GDP,Quarterly,Billions of Chained 2017 Dollars,United States,National
2025-07-01,20587.6,GDPC1,Real GDP,Quarterly,Billions of Chained 2017 Dollars,United States,National
2025-10-01,20604.5,GDPC1,Real GDP,Quarterly,Billions of Chained 2017 Dollars,United States,National
2017-01-01,244.0,CPIAUCSL,CPI All Urban Consumers,Monthly,Index 1982-84=100,United States,National
2017-02-01,244.6,CPIAUCSL,CPI All Urban Consumers,Monthly,Index 1982-84=100,United States,National
2017-03-01,244.9,CPIAUCSL,CPI All Urban Consumers,Monthly,Index 1982-84=100,United States,National
2017-04-01,245.5,CPIAUCSL,CPI All Urban Consumers,Monthly,Index 1982-84=100,United States,National
2017-05-01,245.5,CPIAUCSL,CPI All Urban Consumers,Monthly,Index 1982-84=100,United States,National
2017-06-01,246.0,CPIAUCSL,CPI All Urban Consumers,Monthly,Index 1982-84=100,United States,National
2017-07-01,246.4,CPIAUCSL,CPI All Urban Consumers,Monthly,Index 1982-84=100,United States,National
2017-08-01,246.7,CPIAUCSL,CPI All Urban Consumers,Monthly,Index 1982-84=100,United States,National
2017-09-01,247.1,CPIAUCSL,CPI All Urban Consumers,Monthly,Index 1982-84=100,United States,National
2017-10-01,247.2,CPIAUCSL,CPI All Urban Consumers,Monthly,Index 1982-84=100,United States,National
2017-11-01,247.6,CPIAUCSL,CPI All Urban Consumers,Monthly,Index 1982-84=100,United States,National
2017-12-01,248.0,CPIAUCSL,CPI All Urban Consumers,Monthly,Index 1982-84=100,United States,National
2018-01-01,248.5,CPIAUCSL,CPI All Urban Consumers,Monthly,Index 1982-84=100,United States,National
2018-02-01,248.8,CPIAUCSL,CPI All Urban Consumers,Monthly,Index 1982-84=100,United States,National
2018-03-01,249.1,CPIAUCSL,CPI All Urban Consumers,Monthly,Index 1982-84=100,United States,National
2018-04-01,249.4,CPIAUCSL,CPI All Urban Consumers,Monthly,Index 1982-84=100,United States,National
2018-05-01,249.9,CPIAUCSL,CPI All Urban Consumers,Monthly,Index 1982-84=100,United States,National
2018-06-01,250.3,CPIAUCSL,CPI All Urban Consumers,Monthly,Index 1982-84=100,United States,National
2018-07-01,250.6,CPIAUCSL,CPI All Urban Consumers,Monthly,Index 1982-84=100,United States,National
2018-08-01,251.1,CPIAUCSL,CPI All Urban Consumers,Monthly,Index 1982-84=100,United States,National
2018-09-01,251.5,CPIAUCSL,CPI All Urban Consumers,Monthly,Index 1982-84=100,United States,National
2018-10-01,252.0,CPIAUCSL,CPI All Urban Consumers,Monthly,Index 1982-84=100,United States,National
2018-11-01,252.3,CPIAUCSL,CPI All Urban Consumers,Monthly,Index 1982-84=100,United States,National
2018-12-01,252.6,CPIAUCSL,CPI All Urban Consumers,Monthly,Index 1982-84=100,United States,National
2019-01-01,252.9,CPIAUCSL,CPI All Urban Consumers,Monthly,Index 1982-84=100,United States,National
2019-02-01,253.1,CPIAUCSL,CPI All Urban Consumers,Monthly,Index 1982-84=100,United States,National
2019-03-01,253.5,CPIAUCSL,CPI All Urban Consumers,Monthly,Index 1982-84=100,United States,National
2019-04-01,253.9,CPIAUCSL,CPI All Urban Consumers,Monthly,Index 1982-84=100,United States,National
2019-05-01,254.3,CPIAUCSL,CPI All Urban Consumers,Monthly,Index 1982-84=100,United States,National
2019-06-01,254.7,CPIAUCSL,CPI All Urban Consumers,Monthly,Index 1982-84=100,United States,National
2019-07-01,254.9,CPIAUCSL,CPI All Urban Consumers,Monthly,Index 1982-84=100,United States,National
2019-08-01,255.2,CPIAUCSL,CPI All Urban Consumers,Monthly,Index 1982-84=100,United States,National
2019-09-01,255.6,CPIAUCSL,CPI All Urban Consumers,Monthly,Index 1982-84=100,United States,National
2019-10-01,255.8,CPIAUCSL,CPI All Urban Consumers,Monthly,Index 1982-84=100,United States,National
2019-11-01,256.2,CPIAUCSL,CPI All Urban Consumers,Monthly,Index 1982-84=100,United States,National
2019-12-01,256.6,CPIAUCSL,CPI All Urban Consumers,Monthly,Index 1982-84=100,United States,National
2020-01-01,257.3,CPIAUCSL,CPI All Urban Consumers,Monthly,Index 1982-84=100,United States,National
2020-02-01,257.7,CPIAUCSL,CPI All Urban Consumers,Monthly,Index 1982-84=100,United States,National
2020-03-01,258.1,CPIAUCSL,CPI All Urban Consumers,Monthly,Index 1982-84=100,United States,National
2020-04-01,258.5,CPIAUCSL,CPI All Urban Consumers,Monthly,Index 1982-84=100,United States,National
2020-05-01,258.6,CPIAUCSL,CPI All Urban Consumers,Monthly,Index 1982-84=100,United States,National
2020-06-01,259.0,CPIAUCSL,CPI All Urban Consumers,Monthly,Index 1982-84=100,United States,National
2020-07-01,259.4,CPIAUCSL,CPI All Urban Consumers,Monthly,Index 1982-84=100,United States,National
2020-08-01,260.1,CPIAUCSL,CPI All Urban Consumers,Monthly,Index 1982-84=100,United States,National
2020-09-01,260.5,CPIAUCSL,CPI All Urban Consumers,Monthly,Index 1982-84=100,United States,National
2020-10-01,260.9,CPIAUCSL,CPI All Urban Consumers,Monthly,Index 1982-84=100,United States,National
2020-11-01,261.3,CPIAUCSL,CPI All Urban Consumers,Monthly,Index 1982-84=100,United States,National
2020-12-01,261.5,CPIAUCSL,CPI All Urban Consumers,Monthly,Index 1982-84=100,United States,National
2021-01-01,262.9,CPIAUCSL,CPI All Urban Consumers,Monthly,Index 1982-84=100,United States,National
2021-02-01,264.1,CPIAUCSL,CPI All Urban Consumers,Monthly,Index 1982-84=100,United States,National
2021-03-01,265.4,CPIAUCSL,CPI All Urban Consumers,Monthly,Index 1982-84=100,United States,National
2021-04-01,266.2,CPIAUCSL,CPI All Urban Consumers,Monthly,Index 1982-84=100,United States,National
2021-05-01,267.6,CPIAUCSL,CPI All Urban Consumers,Monthly,Index 1982-84=100,United States,National
2021-06-01,268.3,CPIAUCSL,CPI All Urban Consumers,Monthly,Index 1982-84=100,United States,National
2021-07-01,269.6,CPIAUCSL,CPI All Urban Consumers,Monthly,Index 1982-84=100,United States,National
2021-08-01,271.2,CPIAUCSL,CPI All Urban Consumers,Monthly,Index 1982-84=100,United States,National
2021-09-01,272.0,CPIAUCSL,CPI All Urban Consumers,Monthly,Index 1982-84=100,United States,National
2021-10-01,273.0,CPIAUCSL,CPI All Urban Consumers,Monthly,Index 1982-84=100,United States,National
2021-11-01,274.1,CPIAUCSL,CPI All Urban Consumers,Monthly,Index 1982-84=100,United States,National
2021-12-01,275.1,CPIAUCSL,CPI All Urban Consumers,Monthly,Index 1982-84=100,United States,National
2022-01-01,275.9,CPIAUCSL,CPI All Urban Consumers,Monthly,Index 1982-84=100,United States,National
2022-02-01,277.5,CPIAUCSL,CPI All Urban Consumers,Monthly,Index 1982-84=100,United States,National
2022-03-01,278.6,CPIAUCSL,CPI All Urban Consumers,Monthly,Index 1982-84=100,United States,National
2022-04-01,280.6,CPIAUCSL,CPI All Urban Consumers,Monthly,Index 1982-84=100,United States,National
2022-05-01,281.7,CPIAUCSL,CPI All Urban Consumers,Monthly,Index 1982-84=100,United States,National
2022-06-01,284.3,CPIAUCSL,CPI All Urban Consumers,Monthly,Index 1982-84=100,United States,National
2022-07-01,285.5,CPIAUCSL,CPI All Urban Consumers,Monthly,Index 1982-84=100,United States,National
2022-08-01,287.1,CPIAUCSL,CPI All Urban Consumers,Monthly,Index 1982-84=100,United States,National
2022-09-01,289.3,CPIAUCSL,CPI All Urban Consumers,Monthly,Index 1982-84=100,United States,National
2022-10-01,290.3,CPIAUCSL,CPI All Urban Consumers,Monthly,Index 1982-84=100,United States,National
2022-11-01,292.2,CPIAUCSL,CPI All Urban Consumers,Monthly,Index 1982-84=100,United States,National
2022-12-01,294.7,CPIAUCSL,CPI All Urban Consumers,Monthly,Index 1982-84=100,United States,National
2023-01-01,295.1,CPIAUCSL,CPI All Urban Consumers,Monthly,Index 1982-84=100,United States,National
2023-02-01,296.0,CPIAUCSL,CPI All Urban Consumers,Monthly,Index 1982-84=100,United States,National
2023-03-01,297.0,CPIAUCSL,CPI All Urban Consumers,Monthly,Index 1982-84=100,United States,National
2023-04-01,298.1,CPIAUCSL,CPI All Urban Consumers,Monthly,Index 1982-84=100,United States,National
2023-05-01,298.6,CPIAUCSL,CPI All Urban Consumers,Monthly,Index 1982-84=100,United States,National
2023-06-01,299.1,CPIAUCSL,CPI All Urban Consumers,Monthly,Index 1982-84=100,United States,National
2023-07-01,300.2,CPIAUCSL,CPI All Urban Consumers,Monthly,Index 1982-84=100,United States,National
2023-08-01,301.2,CPIAUCSL,CPI All Urban Consumers,Monthly,Index 1982-84=100,United States,National
2023-09-01,302.2,CPIAUCSL,CPI All Urban Consumers,Monthly,Index 1982-84=100,United States,National
2023-10-01,303.2,CPIAUCSL,CPI All Urban Consumers,Monthly,Index 1982-84=100,United States,National
2023-11-01,303.9,CPIAUCSL,CPI All Urban Consumers,Monthly,Index 1982-84=100,United States,National
2023-12-01,304.9,CPIAUCSL,CPI All Urban Consumers,Monthly,Index 1982-84=100,United States,National
2024-01-01,305.5,CPIAUCSL,CPI All Urban Consumers,Monthly,Index 1982-84=100,United States,National
2024-02-01,306.0,CPIAUCSL,CPI All Urban Consumers,Monthly,Index 1982-84=100,United States,National
2024-03-01,307.1,CPIAUCSL,CPI All Urban Consumers,Monthly,Index 1982-84=100,United States,National
2024-04-01,307.8,CPIAUCSL,CPI All Urban Consumers,Monthly,Index 1982-84=100,United States,National
2024-05-01,308.1,CPIAUCSL,CPI All Urban Consumers,Monthly,Index 1982-84=100,United States,National
2024-06-01,308.9,CPIAUCSL,CPI All Urban Consumers,Monthly,Index 1982-84=100,United States,National
2024-07-01,309.3,CPIAUCSL,CPI All Urban Consumers,Monthly,Index 1982-84=100,United States,National
2024-08-01,310.1,CPIAUCSL,CPI All Urban Consumers,Monthly,Index 1982-84=100,United States,National
2024-09-01,311.0,CPIAUCSL,CPI All Urban Consumers,Monthly,Index 1982-84=100,United States,National
2024-10-01,311.4,CPIAUCSL,CPI All Urban Consumers,Monthly,Index 1982-84=100,United States,National
2024-11-01,312.3,CPIAUCSL,CPI All Urban Consumers,Monthly,Index 1982-84=100,United States,National
2024-12-01,313.0,CPIAUCSL,CPI All Urban Consumers,Monthly,Index 1982-84=100,United States,National
2025-01-01,313.8,CPIAUCSL,CPI All Urban Consumers,Monthly,Index 1982-84=100,United States,National
2025-02-01,314.9,CPIAUCSL,CPI All Urban Consumers,Monthly,Index 1982-84=100,United States,National
2025-03-01,315.5,CPIAUCSL,CPI All Urban Consumers,Monthly,Index 1982-84=100,United States,National
2025-04-01,315.9,CPIAUCSL,CPI All Urban Consumers,Monthly,Index 1982-84=100,United States,National
2025-05-01,316.3,CPIAUCSL,CPI All Urban Consumers,Monthly,Index 1982-84=100,United States,National
2025-06-01,316.8,CPIAUCSL,CPI All Urban Consumers,Monthly,Index 1982-84=100,United States,National
2025-07-01,317.4,CPIAUCSL,CPI All Urban Consumers,Monthly,Index 1982-84=100,United States,National
2025-08-01,318.1,CPIAUCSL,CPI All Urban Consumers,Monthly,Index 1982-84=100,United States,National
2025-09-01,318.8,CPIAUCSL,CPI All Urban Consumers,Monthly,Index 1982-84=100,United States,National
2025-10-01,319.7,CPIAUCSL,CPI All Urban Consumers,Monthly,Index 1982-84=100,United States,National
2025-11-01,320.3,CPIAUCSL,CPI All Urban Consumers,Monthly,Index 1982-84=100,United States,National
2025-12-01,321.3,CPIAUCSL,CPI All Urban Consumers,Monthly,Index 1982-84=100,United States,National
2017-01-01,4.3,UNRATE,Unemployment Rate,Monthly,Percent,United States,National
2017-02-01,4.6,UNRATE,Unemployment Rate,Monthly,Percent,United States,National
2017-03-01,4.6,UNRATE,Unemployment Rate,Monthly,Percent,United States,National
2017-04-01,4.5,UNRATE,Unemployment Rate,Monthly,Percent,United States,National
2017-05-01,4.4,UNRATE,Unemployment Rate,Monthly,Percent,United States,National
2017-06-01,4.4,UNRATE,Unemployment Rate,Monthly,Percent,United States,National
2017-07-01,4.3,UNRATE,Unemployment Rate,Monthly,Percent,United States,National
2017-08-01,4.4,UNRATE,Unemployment Rate,Monthly,Percent,United States,National
2017-09-01,4.4,UNRATE,Unemployment Rate,Monthly,Percent,United States,National
2017-10-01,4.4,UNRATE,Unemployment Rate,Monthly,Percent,United States,National
2017-11-01,4.2,UNRATE,Unemployment Rate,Monthly,Percent,United States,National
2017-12-01,4.1,UNRATE,Unemployment Rate,Monthly,Percent,United States,National
2018-01-01,4.0,UNRATE,Unemployment Rate,Monthly,Percent,United States,National
2018-02-01,4.0,UNRATE,Unemployment Rate,Monthly,Percent,United States,National
2018-03-01,4.0,UNRATE,Unemployment Rate,Monthly,Percent,United States,National
2018-04-01,3.9,UNRATE,Unemployment Rate,Monthly,Percent,United States,National
2018-05-01,3.9,UNRATE,Unemployment Rate,Monthly,Percent,United States,National
2018-06-01,3.9,UNRATE,Unemployment Rate,Monthly,Percent,United States,National
2018-07-01,3.8,UNRATE,Unemployment Rate,Monthly,Percent,United States,National
2018-08-01,3.7,UNRATE,Unemployment Rate,Monthly,Percent,United States,National
2018-09-01,3.7,UNRATE,Unemployment Rate,Monthly,Percent,United States,National
2018-10-01,3.6,UNRATE,Unemployment Rate,Monthly,Percent,United States,National
2018-11-01,3.6,UNRATE,Unemployment Rate,Monthly,Percent,United States,National
2018-12-01,3.6,UNRATE,Unemployment Rate,Monthly,Percent,United States,National
2019-01-01,3.7,UNRATE,Unemployment Rate,Monthly,Percent,United States,National
2019-02-01,3.8,UNRATE,Unemployment Rate,Monthly,Percent,United States,National
2019-03-01,3.6,UNRATE,Unemployment Rate,Monthly,Percent,United States,National
2019-04-01,3.5,UNRATE,Unemployment Rate,Monthly,Percent,United States,National
2019-05-01,3.5,UNRATE,Unemployment Rate,Monthly,Percent,United States,National
2019-06-01,3.5,UNRATE,Unemployment Rate,Monthly,Percent,United States,National
2019-07-01,3.5,UNRATE,Unemployment Rate,Monthly,Percent,United States,National
2019-08-01,3.9,UNRATE,Unemployment Rate,Monthly,Percent,United States,National
2019-09-01,3.9,UNRATE,Unemployment Rate,Monthly,Percent,United States,National
2019-10-01,4.0,UNRATE,Unemployment Rate,Monthly,Percent,United States,National
2019-11-01,4.1,UNRATE,Unemployment Rate,Monthly,Percent,United States,National
2019-12-01,4.1,UNRATE,Unemployment Rate,Monthly,Percent,United States,National
2020-01-01,6.8,UNRATE,Unemployment Rate,Monthly,Percent,United States,National
2020-02-01,10.5,UNRATE,Unemployment Rate,Monthly,Percent,United States,National
2020-03-01,12.8,UNRATE,Unemployment Rate,Monthly,Percent,United States,National
2020-04-01,14.7,UNRATE,Unemployment Rate,Monthly,Percent,United States,National
2020-05-01,14.1,UNRATE,Unemployment Rate,Monthly,Percent,United States,National
2020-06-01,13.6,UNRATE,Unemployment Rate,Monthly,Percent,United States,National
2020-07-01,13.6,UNRATE,Unemployment Rate,Monthly,Percent,United States,National
2020-08-01,12.7,UNRATE,Unemployment Rate,Monthly,Percent,United States,National
2020-09-01,12.3,UNRATE,Unemployment Rate,Monthly,Percent,United States,National
2020-10-01,11.5,UNRATE,Unemployment Rate,Monthly,Percent,United States,National
2020-11-01,10.9,UNRATE,Unemployment Rate,Monthly,Percent,United States,National
2020-12-01,10.6,UNRATE,Unemployment Rate,Monthly,Percent,United States,National
2021-01-01,10.5,UNRATE,Unemployment Rate,Monthly,Percent,United States,National
2021-02-01,10.2,UNRATE,Unemployment Rate,Monthly,Percent,United States,National
2021-03-01,10.0,UNRATE,Unemployment Rate,Monthly,Percent,United States,National
2021-04-01,9.9,UNRATE,Unemployment Rate,Monthly,Percent,United States,National
2021-05-01,9.7,UNRATE,Unemployment Rate,Monthly,Percent,United States,National
2021-06-01,9.6,UNRATE,Unemployment Rate,Monthly,Percent,United States,National
2021-07-01,9.4,UNRATE,Unemployment Rate,Monthly,Percent,United States,National
2021-08-01,9.2,UNRATE,Unemployment Rate,Monthly,Percent,United States,National
2021-09-01,9.3,UNRATE,Unemployment Rate,Monthly,Percent,United States,National
2021-10-01,9.2,UNRATE,Unemployment Rate,Monthly,Percent,United States,National
2021-11-01,8.9,UNRATE,Unemployment Rate,Monthly,Percent,United States,National
2021-12-01,8.7,UNRATE,Unemployment Rate,Monthly,Percent,United States,National
2022-01-01,8.6,UNRATE,Unemployment Rate,Monthly,Percent,United States,National
2022-02-01,8.6,UNRATE,Unemployment Rate,Monthly,Percent,United States,National
2022-03-01,8.5,UNRATE,Unemployment Rate,Monthly,Percent,United States,National
2022-04-01,8.5,UNRATE,Unemployment Rate,Monthly,Percent,United States,National
2022-05-01,8.5,UNRATE,Unemployment Rate,Monthly,Percent,United States,National
2022-06-01,8.5,UNRATE,Unemployment Rate,Monthly,Percent,United States,National
2022-07-01,8.3,UNRATE,Unemployment Rate,Monthly,Percent,United States,National
2022-08-01,8.3,UNRATE,Unemployment Rate,Monthly,Percent,United States,National
2022-09-01,8.2,UNRATE,Unemployment Rate,Monthly,Percent,United States,National
2022-10-01,8.1,UNRATE,Unemployment Rate,Monthly,Percent,United States,National
2022-11-01,8.2,UNRATE,Unemployment Rate,Monthly,Percent,United States,National
2022-12-01,8.1,UNRATE,Unemployment Rate,Monthly,Percent,United States,National
2023-01-01,4.5,UNRATE,Unemployment Rate,Monthly,Percent,United States,National
2023-02-01,4.5,UNRATE,Unemployment Rate,Monthly,Percent,United States,National
2023-03-01,4.5,UNRATE,Unemployment Rate,Monthly,Percent,United States,National
2023-04-01,4.5,UNRATE,Unemployment Rate,Monthly,Percent,United States,National
2023-05-01,4.4,UNRATE,Unemployment Rate,Monthly,Percent,United States,National
2023-06-01,4.4,UNRATE,Unemployment Rate,Monthly,Percent,United States,National
2023-07-01,4.5,UNRATE,Unemployment Rate,Monthly,Percent,United States,National
2023-08-01,4.5,UNRATE,Unemployment Rate,Monthly,Percent,United States,National
2023-09-01,4.5,UNRATE,Unemployment Rate,Monthly,Percent,United States,National
2023-10-01,4.5,UNRATE,Unemployment Rate,Monthly,Percent,United States,National
2023-11-01,4.4,UNRATE,Unemployment Rate,Monthly,Percent,United States,National
2023-12-01,4.5,UNRATE,Unemployment Rate,Monthly,Percent,United States,National
2024-01-01,4.2,UNRATE,Unemployment Rate,Monthly,Percent,United States,National
2024-02-01,4.2,UNRATE,Unemployment Rate,Monthly,Percent,United States,National
2024-03-01,4.2,UNRATE,Unemployment Rate,Monthly,Percent,United States,National
2024-04-01,4.1,UNRATE,Unemployment Rate,Monthly,Percent,United States,National
2024-05-01,4.2,UNRATE,Unemployment Rate,Monthly,Percent,United States,National
2024-06-01,4.1,UNRATE,Unemployment Rate,Monthly,Percent,United States,National
2024-07-01,4.1,UNRATE,Unemployment Rate,Monthly,Percent,United States,National
2024-08-01,4.2,UNRATE,Unemployment Rate,Monthly,Percent,United States,National
2024-09-01,4.3,UNRATE,Unemployment Rate,Monthly,Percent,United States,National
2024-10-01,4.2,UNRATE,Unemployment Rate,Monthly,Percent,United States,National
2024-11-01,4.3,UNRATE,Unemployment Rate,Monthly,Percent,United States,National
2024-12-01,4.3,UNRATE,Unemployment Rate,Monthly,Percent,United States,National
2025-01-01,4.3,UNRATE,Unemployment Rate,Monthly,Percent,United States,National
2025-02-01,4.3,UNRATE,Unemployment Rate,Monthly,Percent,United States,National
2025-03-01,4.4,UNRATE,Unemployment Rate,Monthly,Percent,United States,National
2025-04-01,4.3,UNRATE,Unemployment Rate,Monthly,Percent,United States,National
2025-05-01,4.4,UNRATE,Unemployment Rate,Monthly,Percent,United States,National
2025-06-01,4.3,UNRATE,Unemployment Rate,Monthly,Percent,United States,National
2025-07-01,4.4,UNRATE,Unemployment Rate,Monthly,Percent,United States,National
2025-08-01,4.4,UNRATE,Unemployment Rate,Monthly,Percent,United States,National
2025-09-01,4.5,UNRATE,Unemployment Rate,Monthly,Percent,United States,National
2025-10-01,4.4,UNRATE,Unemployment Rate,Monthly,Percent,United States,National
2025-11-01,4.5,UNRATE,Unemployment Rate,Monthly,Percent,United States,National
2025-12-01,4.4,UNRATE,Unemployment Rate,Monthly,Percent,United States,National
2017-01-01,145168.0,PAYEMS,Total Nonfarm Payroll,Monthly,Thousands of Persons,United States,National
2017-02-01,145395.0,PAYEMS,Total Nonfarm Payroll,Monthly,Thousands of Persons,United States,National
2017-03-01,145597.0,PAYEMS,Total Nonfarm Payroll,Monthly,Thousands of Persons,United States,National
2017-04-01,145728.0,PAYEMS,Total Nonfarm Payroll,Monthly,Thousands of Persons,United States,National
2017-05-01,145891.0,PAYEMS,Total Nonfarm Payroll,Monthly,Thousands of Persons,United States,National
2017-06-01,146031.0,PAYEMS,Total Nonfarm Payroll,Monthly,Thousands of Persons,United States,National
2017-07-01,146164.0,PAYEMS,Total Nonfarm Payroll,Monthly,Thousands of Persons,United States,National
2017-08-01,146412.0,PAYEMS,Total Nonfarm Payroll,Monthly,Thousands of Persons,United States,National
2017-09-01,146621.0,PAYEMS,Total Nonfarm Payroll,Monthly,Thousands of Persons,United States,National
2017-10-01,146745.0,PAYEMS,Total Nonfarm Payroll,Monthly,Thousands of Persons,United States,National
2017-11-01,146997.0,PAYEMS,Total Nonfarm Payroll,Monthly,Thousands of Persons,United States,National
2017-12-01,147202.0,PAYEMS,Total Nonfarm Payroll,Monthly,Thousands of Persons,United States,National
2018-01-01,147447.0,PAYEMS,Total Nonfarm Payroll,Monthly,Thousands of Persons,United States,National
2018-02-01,147677.0,PAYEMS,Total Nonfarm Payroll,Monthly,Thousands of Persons,United States,National
2018-03-01,147791.0,PAYEMS,Total Nonfarm Payroll,Monthly,Thousands of Persons,United States,National
2018-04-01,147926.0,PAYEMS,Total Nonfarm Payroll,Monthly,Thousands of Persons,United States,National
2018-05-01,148166.0,PAYEMS,Total Nonfarm Payroll,Monthly,Thousands of Persons,United States,National
2018-06-01,148395.0,PAYEMS,Total Nonfarm Payroll,Monthly,Thousands of Persons,United States,National
2018-07-01,148573.0,PAYEMS,Total Nonfarm Payroll,Monthly,Thousands of Persons,United States,National
2018-08-01,148763.0,PAYEMS,Total Nonfarm Payroll,Monthly,Thousands of Persons,United States,National
2018-09-01,149045.0,PAYEMS,Total Nonfarm Payroll,Monthly,Thousands of Persons,United States,National
2018-10-01,149177.0,PAYEMS,Total Nonfarm Payroll,Monthly,Thousands of Persons,United States,National
2018-11-01,149401.0,PAYEMS,Total Nonfarm Payroll,Monthly,Thousands of Persons,United States,National
2018-12-01,149565.0,PAYEMS,Total Nonfarm Payroll,Monthly,Thousands of Persons,United States,National
2019-01-01,149728.0,PAYEMS,Total Nonfarm Payroll,Monthly,Thousands of Persons,United States,National
2019-02-01,149996.0,PAYEMS,Total Nonfarm Payroll,Monthly,Thousands of Persons,United States,National
2019-03-01,150242.0,PAYEMS,Total Nonfarm Payroll,Monthly,Thousands of Persons,United States,National
2019-04-01,150487.0,PAYEMS,Total Nonfarm Payroll,Monthly,Thousands of Persons,United States,National
2019-05-01,150771.0,PAYEMS,Total Nonfarm Payroll,Monthly,Thousands of Persons,United States,National
2019-06-01,150953.0,PAYEMS,Total Nonfarm Payroll,Monthly,Thousands of Persons,United States,National
2019-07-01,151187.0,PAYEMS,Total Nonfarm Payroll,Monthly,Thousands of Persons,United States,National
2019-08-01,151343.0,PAYEMS,Total Nonfarm Payroll,Monthly,Thousands of Persons,United States,National
2019-09-01,151548.0,PAYEMS,Total Nonfarm Payroll,Monthly,Thousands of Persons,United States,National
2019-10-01,151718.0,PAYEMS,Total Nonfarm Payroll,Monthly,Thousands of Persons,United States,National
2019-11-01,151906.0,PAYEMS,Total Nonfarm Payroll,Monthly,Thousands of Persons,United States,National
2019-12-01,152133.0,PAYEMS,Total Nonfarm Payroll,Monthly,Thousands of Persons,United States,National
2020-01-01,152248.0,PAYEMS,Total Nonfarm Payroll,Monthly,Thousands of Persons,United States,National
2020-02-01,152595.0,PAYEMS,Total Nonfarm Payroll,Monthly,Thousands of Persons,United States,National
2020-03-01,151195.0,PAYEMS,Total Nonfarm Payroll,Monthly,Thousands of Persons,United States,National
2020-04-01,130695.0,PAYEMS,Total Nonfarm Payroll,Monthly,Thousands of Persons,United States,National
2020-05-01,132391.0,PAYEMS,Total Nonfarm Payroll,Monthly,Thousands of Persons,United States,National
2020-06-01,133919.0,PAYEMS,Total Nonfarm Payroll,Monthly,Thousands of Persons,United States,National
2020-07-01,137346.0,PAYEMS,Total Nonfarm Payroll,Monthly,Thousands of Persons,United States,National
2020-08-01,140479.0,PAYEMS,Total Nonfarm Payroll,Monthly,Thousands of Persons,United States,National
2020-09-01,143478.0,PAYEMS,Total Nonfarm Payroll,Monthly,Thousands of Persons,United States,National
2020-10-01,146481.0,PAYEMS,Total Nonfarm Payroll,Monthly,Thousands of Persons,United States,National
2020-11-01,148971.0,PAYEMS,Total Nonfarm Payroll,Monthly,Thousands of Persons,United States,National
2020-12-01,150753.0,PAYEMS,Total Nonfarm Payroll,Monthly,Thousands of Persons,United States,National
2021-01-01,151269.0,PAYEMS,Total Nonfarm Payroll,Monthly,Thousands of Persons,United States,National
2021-02-01,151633.0,PAYEMS,Total Nonfarm Payroll,Monthly,Thousands of Persons,United States,National
2021-03-01,152328.0,PAYEMS,Total Nonfarm Payroll,Monthly,Thousands of Persons,United States,National
2021-04-01,152799.0,PAYEMS,Total Nonfarm Payroll,Monthly,Thousands of Persons,United States,National
2021-05-01,153134.0,PAYEMS,Total Nonfarm Payroll,Monthly,Thousands of Persons,United States,National
2021-06-01,153569.0,PAYEMS,Total Nonfarm Payroll,Monthly,Thousands of Persons,United States,National
2021-07-01,154152.0,PAYEMS,Total Nonfarm Payroll,Monthly,Thousands of Persons,United States,National
2021-08-01,154539.0,PAYEMS,Total Nonfarm Payroll,Monthly,Thousands of Persons,United States,National
2021-09-01,154875.0,PAYEMS,Total Nonfarm Payroll,Monthly,Thousands of Persons,United States,National
2021-10-01,155423.0,PAYEMS,Total Nonfarm Payroll,Monthly,Thousands of Persons,United States,National
2021-11-01,155972.0,PAYEMS,Total Nonfarm Payroll,Monthly,Thousands of Persons,United States,National
2021-12-01,156371.0,PAYEMS,Total Nonfarm Payroll,Monthly,Thousands of Persons,United States,National
2022-01-01,156513.0,PAYEMS,Total Nonfarm Payroll,Monthly,Thousands of Persons,United States,National
2022-02-01,156712.0,PAYEMS,Total Nonfarm Payroll,Monthly,Thousands of Persons,United States,National
2022-03-01,156776.0,PAYEMS,Total Nonfarm Payroll,Monthly,Thousands of Persons,United States,National
2022-04-01,156844.0,PAYEMS,Total Nonfarm Payroll,Monthly,Thousands of Persons,United States,National
2022-05-01,156966.0,PAYEMS,Total Nonfarm Payroll,Monthly,Thousands of Persons,United States,National
2022-06-01,157129.0,PAYEMS,Total Nonfarm Payroll,Monthly,Thousands of Persons,United States,National
2022-07-01,157334.0,PAYEMS,Total Nonfarm Payroll,Monthly,Thousands of Persons,United States,National
2022-08-01,157632.0,PAYEMS,Total Nonfarm Payroll,Monthly,Thousands of Persons,United States,National
2022-09-01,157880.0,PAYEMS,Total Nonfarm Payroll,Monthly,Thousands of Persons,United States,National
2022-10-01,158048.0,PAYEMS,Total Nonfarm Payroll,Monthly,Thousands of Persons,United States,National
2022-11-01,158226.0,PAYEMS,Total Nonfarm Payroll,Monthly,Thousands of Persons,United States,National
2022-12-01,158326.0,PAYEMS,Total Nonfarm Payroll,Monthly,Thousands of Persons,United States,National
2023-01-01,158504.0,PAYEMS,Total Nonfarm Payroll,Monthly,Thousands of Persons,United States,National
2023-02-01,158661.0,PAYEMS,Total Nonfarm Payroll,Monthly,Thousands of Persons,United States,National
2023-03-01,158867.0,PAYEMS,Total Nonfarm Payroll,Monthly,Thousands of Persons,United States,National
2023-04-01,158981.0,PAYEMS,Total Nonfarm Payroll,Monthly,Thousands of Persons,United States,National
2023-05-01,159203.0,PAYEMS,Total Nonfarm Payroll,Monthly,Thousands of Persons,United States,National
2023-06-01,159505.0,PAYEMS,Total Nonfarm Payroll,Monthly,Thousands of Persons,United States,National
2023-07-01,159676.0,PAYEMS,Total Nonfarm Payroll,Monthly,Thousands of Persons,United States,National
2023-08-01,159889.0,PAYEMS,Total Nonfarm Payroll,Monthly,Thousands of Persons,United States,National
2023-09-01,160124.0,PAYEMS,Total Nonfarm Payroll,Monthly,Thousands of Persons,United States,National
2023-10-01,160272.0,PAYEMS,Total Nonfarm Payroll,Monthly,Thousands of Persons,United States,National
2023-11-01,160470.0,PAYEMS,Total Nonfarm Payroll,Monthly,Thousands of Persons,United States,National
2023-12-01,160651.0,PAYEMS,Total Nonfarm Payroll,Monthly,Thousands of Persons,United States,National
2024-01-01,160838.0,PAYEMS,Total Nonfarm Payroll,Monthly,Thousands of Persons,United States,National
2024-02-01,160957.0,PAYEMS,Total Nonfarm Payroll,Monthly,Thousands of Persons,United States,National
2024-03-01,161139.0,PAYEMS,Total Nonfarm Payroll,Monthly,Thousands of Persons,United States,National
2024-04-01,161358.0,PAYEMS,Total Nonfarm Payroll,Monthly,Thousands of Persons,United States,National
2024-05-01,161655.0,PAYEMS,Total Nonfarm Payroll,Monthly,Thousands of Persons,United States,National
2024-06-01,161911.0,PAYEMS,Total Nonfarm Payroll,Monthly,Thousands of Persons,United States,National
2024-07-01,162264.0,PAYEMS,Total Nonfarm Payroll,Monthly,Thousands of Persons,United States,National
2024-08-01,162382.0,PAYEMS,Total Nonfarm Payroll,Monthly,Thousands of Persons,United States,National
2024-09-01,162632.0,PAYEMS,Total Nonfarm Payroll,Monthly,Thousands of Persons,United States,National
2024-10-01,162827.0,PAYEMS,Total Nonfarm Payroll,Monthly,Thousands of Persons,United States,National
2024-11-01,163182.0,PAYEMS,Total Nonfarm Payroll,Monthly,Thousands of Persons,United States,National
2024-12-01,163297.0,PAYEMS,Total Nonfarm Payroll,Monthly,Thousands of Persons,United States,National
2025-01-01,163410.0,PAYEMS,Total Nonfarm Payroll,Monthly,Thousands of Persons,United States,National
2025-02-01,163542.0,PAYEMS,Total Nonfarm Payroll,Monthly,Thousands of Persons,United States,National
2025-03-01,163552.0,PAYEMS,Total Nonfarm Payroll,Monthly,Thousands of Persons,United States,National
2025-04-01,163690.0,PAYEMS,Total Nonfarm Payroll,Monthly,Thousands of Persons,United States,National
2025-05-01,163809.0,PAYEMS,Total Nonfarm Payroll,Monthly,Thousands of Persons,United States,National
2025-06-01,164001.0,PAYEMS,Total Nonfarm Payroll,Monthly,Thousands of Persons,United States,National
2025-07-01,164209.0,PAYEMS,Total Nonfarm Payroll,Monthly,Thousands of Persons,United States,National
2025-08-01,164539.0,PAYEMS,Total Nonfarm Payroll,Monthly,Thousands of Persons,United States,National
2025-09-01,164795.0,PAYEMS,Total Nonfarm Payroll,Monthly,Thousands of Persons,United States,National
2025-10-01,164929.0,PAYEMS,Total Nonfarm Payroll,Monthly,Thousands of Persons,United States,National
2025-11-01,165037.0,PAYEMS,Total Nonfarm Payroll,Monthly,Thousands of Persons,United States,National
2025-12-01,165256.0,PAYEMS,Total Nonfarm Payroll,Monthly,Thousands of Persons,United States,National
2017-01-01,12379.0,MANEMP,Manufacturing Employment,Monthly,Thousands of Persons,United States,National
2017-02-01,12420.0,MANEMP,Manufacturing Employment,Monthly,Thousands of Persons,United States,National
2017-03-01,12449.0,MANEMP,Manufacturing Employment,Monthly,Thousands of Persons,United States,National
2017-04-01,12444.0,MANEMP,Manufacturing Employment,Monthly,Thousands of Persons,United States,National
2017-05-01,12415.0,MANEMP,Manufacturing Employment,Monthly,Thousands of Persons,United States,National
2017-06-01,12447.0,MANEMP,Manufacturing Employment,Monthly,Thousands of Persons,United States,National
2017-07-01,12450.0,MANEMP,Manufacturing Employment,Monthly,Thousands of Persons,United States,National
2017-08-01,12480.0,MANEMP,Manufacturing Employment,Monthly,Thousands of Persons,United States,National
2017-09-01,12453.0,MANEMP,Manufacturing Employment,Monthly,Thousands of Persons,United States,National
2017-10-01,12446.0,MANEMP,Manufacturing Employment,Monthly,Thousands of Persons,United States,National
2017-11-01,12451.0,MANEMP,Manufacturing Employment,Monthly,Thousands of Persons,United States,National
2017-12-01,12457.0,MANEMP,Manufacturing Employment,Monthly,Thousands of Persons,United States,National
2018-01-01,12453.0,MANEMP,Manufacturing Employment,Monthly,Thousands of Persons,United States,National
2018-02-01,12470.0,MANEMP,Manufacturing Employment,Monthly,Thousands of Persons,United States,National
2018-03-01,12454.0,MANEMP,Manufacturing Employment,Monthly,Thousands of Persons,United States,National
2018-04-01,12456.0,MANEMP,Manufacturing Employment,Monthly,Thousands of Persons,United States,National
2018-05-01,12464.0,MANEMP,Manufacturing Employment,Monthly,Thousands of Persons,United States,National
2018-06-01,12479.0,MANEMP,Manufacturing Employment,Monthly,Thousands of Persons,United States,National
2018-07-01,12498.0,MANEMP,Manufacturing Employment,Monthly,Thousands of Persons,United States,National
2018-08-01,12481.0,MANEMP,Manufacturing Employment,Monthly,Thousands of Persons,United States,National
2018-09-01,12455.0,MANEMP,Manufacturing Employment,Monthly,Thousands of Persons,United States,National
2018-10-01,12485.0,MANEMP,Manufacturing Employment,Monthly,Thousands of Persons,United States,National
2018-11-01,12497.0,MANEMP,Manufacturing Employment,Monthly,Thousands of Persons,United States,National
2018-12-01,12487.0,MANEMP,Manufacturing Employment,Monthly,Thousands of Persons,United States,National
2019-01-01,12523.0,MANEMP,Manufacturing Employment,Monthly,Thousands of Persons,United States,National
2019-02-01,12530.0,MANEMP,Manufacturing Employment,Monthly,Thousands of Persons,United States,National
2019-03-01,12559.0,MANEMP,Manufacturing Employment,Monthly,Thousands of Persons,United States,National
2019-04-01,12565.0,MANEMP,Manufacturing Employment,Monthly,Thousands of Persons,United States,National
2019-05-01,12612.0,MANEMP,Manufacturing Employment,Monthly,Thousands of Persons,United States,National
2019-06-01,12652.0,MANEMP,Manufacturing Employment,Monthly,Thousands of Persons,United States,National
2019-07-01,12652.0,MANEMP,Manufacturing Employment,Monthly,Thousands of Persons,United States,National
2019-08-01,12676.0,MANEMP,Manufacturing Employment,Monthly,Thousands of Persons,United States,National
2019-09-01,12694.0,MANEMP,Manufacturing Employment,Monthly,Thousands of Persons,United States,National
2019-10-01,12726.0,MANEMP,Manufacturing Employment,Monthly,Thousands of Persons,United States,National
2019-11-01,12712.0,MANEMP,Manufacturing Employment,Monthly,Thousands of Persons,United States,National
2019-12-01,12731.0,MANEMP,Manufacturing Employment,Monthly,Thousands of Persons,United States,National
2020-01-01,12757.0,MANEMP,Manufacturing Employment,Monthly,Thousands of Persons,United States,National
2020-02-01,12727.0,MANEMP,Manufacturing Employment,Monthly,Thousands of Persons,United States,National
2020-03-01,12708.0,MANEMP,Manufacturing Employment,Monthly,Thousands of Persons,United States,National
2020-04-01,11348.0,MANEMP,Manufacturing Employment,Monthly,Thousands of Persons,United States,National
2020-05-01,11426.0,MANEMP,Manufacturing Employment,Monthly,Thousands of Persons,United States,National
2020-06-01,11593.0,MANEMP,Manufacturing Employment,Monthly,Thousands of Persons,United States,National
2020-07-01,11809.0,MANEMP,Manufacturing Employment,Monthly,Thousands of Persons,United States,National
2020-08-01,12064.0,MANEMP,Manufacturing Employment,Monthly,Thousands of Persons,United States,National
2020-09-01,12247.0,MANEMP,Manufacturing Employment,Monthly,Thousands of Persons,United States,National
2020-10-01,12509.0,MANEMP,Manufacturing Employment,Monthly,Thousands of Persons,United States,National
2020-11-01,12620.0,MANEMP,Manufacturing Employment,Monthly,Thousands of Persons,United States,National
2020-12-01,12715.0,MANEMP,Manufacturing Employment,Monthly,Thousands of Persons,United States,National
2021-01-01,12719.0,MANEMP,Manufacturing Employment,Monthly,Thousands of Persons,United States,National
2021-02-01,12731.0,MANEMP,Manufacturing Employment,Monthly,Thousands of Persons,United States,National
2021-03-01,12736.0,MANEMP,Manufacturing Employment,Monthly,Thousands of Persons,United States,National
2021-04-01,12699.0,MANEMP,Manufacturing Employment,Monthly,Thousands of Persons,United States,National
2021-05-01,12703.0,MANEMP,Manufacturing Employment,Monthly,Thousands of Persons,United States,National
2021-06-01,12681.0,MANEMP,Manufacturing Employment,Monthly,Thousands of Persons,United States,National
2021-07-01,12700.0,MANEMP,Manufacturing Employment,Monthly,Thousands of Persons,United States,National
2021-08-01,12712.0,MANEMP,Manufacturing Employment,Monthly,Thousands of Persons,United States,National
2021-09-01,12698.0,MANEMP,Manufacturing Employment,Monthly,Thousands of Persons,United States,National
2021-10-01,12693.0,MANEMP,Manufacturing Employment,Monthly,Thousands of Persons,United States,National
2021-11-01,12677.0,MANEMP,Manufacturing Employment,Monthly,Thousands of Persons,United States,National
2021-12-01,12681.0,MANEMP,Manufacturing Employment,Monthly,Thousands of Persons,United States,National
2022-01-01,12703.0,MANEMP,Manufacturing Employment,Monthly,Thousands of Persons,United States,National
2022-02-01,12696.0,MANEMP,Manufacturing Employment,Monthly,Thousands of Persons,United States,National
2022-03-01,12712.0,MANEMP,Manufacturing Employment,Monthly,Thousands of Persons,United States,National
2022-04-01,12712.0,MANEMP,Manufacturing Employment,Monthly,Thousands of Persons,United States,National
2022-05-01,12708.0,MANEMP,Manufacturing Employment,Monthly,Thousands of Persons,United States,National
2022-06-01,12714.0,MANEMP,Manufacturing Employment,Monthly,Thousands of Persons,United States,National
2022-07-01,12707.0,MANEMP,Manufacturing Employment,Monthly,Thousands of Persons,United States,National
2022-08-01,12706.0,MANEMP,Manufacturing Employment,Monthly,Thousands of Persons,United States,National
2022-09-01,12696.0,MANEMP,Manufacturing Employment,Monthly,Thousands of Persons,United States,National
2022-10-01,12734.0,MANEMP,Manufacturing Employment,Monthly,Thousands of Persons,United States,National
2022-11-01,12742.0,MANEMP,Manufacturing Employment,Monthly,Thousands of Persons,United States,National
2022-12-01,12740.0,MANEMP,Manufacturing Employment,Monthly,Thousands of Persons,United States,National
2023-01-01,12751.0,MANEMP,Manufacturing Employment,Monthly,Thousands of Persons,United States,National
2023-02-01,12758.0,MANEMP,Manufacturing Employment,Monthly,Thousands of Persons,United States,National
2023-03-01,12762.0,MANEMP,Manufacturing Employment,Monthly,Thousands of Persons,United States,National
2023-04-01,12779.0,MANEMP,Manufacturing Employment,Monthly,Thousands of Persons,United States,National
2023-05-01,12799.0,MANEMP,Manufacturing Employment,Monthly,Thousands of Persons,United States,National
2023-06-01,12799.0,MANEMP,Manufacturing Employment,Monthly,Thousands of Persons,United States,National
2023-07-01,12798.0,MANEMP,Manufacturing Employment,Monthly,Thousands of Persons,United States,National
2023-08-01,12802.0,MANEMP,Manufacturing Employment,Monthly,Thousands of Persons,United States,National
2023-09-01,12776.0,MANEMP,Manufacturing Employment,Monthly,Thousands of Persons,United States,National
2023-10-01,12761.0,MANEMP,Manufacturing Employment,Monthly,Thousands of Persons,United States,National
2023-11-01,12789.0,MANEMP,Manufacturing Employment,Monthly,Thousands of Persons,United States,National
2023-12-01,12822.0,MANEMP,Manufacturing Employment,Monthly,Thousands of Persons,United States,National
2024-01-01,12826.0,MANEMP,Manufacturing Employment,Monthly,Thousands of Persons,United States,National
2024-02-01,12843.0,MANEMP,Manufacturing Employment,Monthly,Thousands of Persons,United States,National
2024-03-01,12856.0,MANEMP,Manufacturing Employment,Monthly,Thousands of Persons,United States,National
2024-04-01,12910.0,MANEMP,Manufacturing Employment,Monthly,Thousands of Persons,United States,National
2024-05-01,12935.0,MANEMP,Manufacturing Employment,Monthly,Thousands of Persons,United States,National
2024-06-01,12941.0,MANEMP,Manufacturing Employment,Monthly,Thousands of Persons,United States,National
2024-07-01,12934.0,MANEMP,Manufacturing Employment,Monthly,Thousands of Persons,United States,National
2024-08-01,12918.0,MANEMP,Manufacturing Employment,Monthly,Thousands of Persons,United States,National
2024-09-01,12929.0,MANEMP,Manufacturing Employment,Monthly,Thousands of Persons,United States,National
2024-10-01,12926.0,MANEMP,Manufacturing Employment,Monthly,Thousands of Persons,United States,National
2024-11-01,12913.0,MANEMP,Manufacturing Employment,Monthly,Thousands of Persons,United States,National
2024-12-01,12911.0,MANEMP,Manufacturing Employment,Monthly,Thousands of Persons,United States,National
2025-01-01,12903.0,MANEMP,Manufacturing Employment,Monthly,Thousands of Persons,United States,National
2025-02-01,12936.0,MANEMP,Manufacturing Employment,Monthly,Thousands of Persons,United States,National
2025-03-01,12957.0,MANEMP,Manufacturing Employment,Monthly,Thousands of Persons,United States,National
2025-04-01,12965.0,MANEMP,Manufacturing Employment,Monthly,Thousands of Persons,United States,National
2025-05-01,12995.0,MANEMP,Manufacturing Employment,Monthly,Thousands of Persons,United States,National
2025-06-01,13004.0,MANEMP,Manufacturing Employment,Monthly,Thousands of Persons,United States,National
2025-07-01,12999.0,MANEMP,Manufacturing Employment,Monthly,Thousands of Persons,United States,National
2025-08-01,13030.0,MANEMP,Manufacturing Employment,Monthly,Thousands of Persons,United States,National
2025-09-01,13046.0,MANEMP,Manufacturing Employment,Monthly,Thousands of Persons,United States,National
2025-10-01,13039.0,MANEMP,Manufacturing Employment,Monthly,Thousands of Persons,United States,National
2025-11-01,13044.0,MANEMP,Manufacturing Employment,Monthly,Thousands of Persons,United States,National
2025-12-01,13039.0,MANEMP,Manufacturing Employment,Monthly,Thousands of Persons,United States,National
2017-01-01,0.78,FEDFUNDS,Federal Funds Rate,Monthly,Percent,United States,National
2017-02-01,0.86,FEDFUNDS,Federal Funds Rate,Monthly,Percent,United States,National
2017-03-01,0.96,FEDFUNDS,Federal Funds Rate,Monthly,Percent,United States,National
2017-04-01,0.99,FEDFUNDS,Federal Funds Rate,Monthly,Percent,United States,National
2017-05-01,1.06,FEDFUNDS,Federal Funds Rate,Monthly,Percent,United States,National
2017-06-01,1.11,FEDFUNDS,Federal Funds Rate,Monthly,Percent,United States,National
2017-07-01,1.16,FEDFUNDS,Federal Funds Rate,Monthly,Percent,United States,National
2017-08-01,1.21,FEDFUNDS,Federal Funds Rate,Monthly,Percent,United States,National
2017-09-01,1.25,FEDFUNDS,Federal Funds Rate,Monthly,Percent,United States,National
2017-10-01,1.31,FEDFUNDS,Federal Funds Rate,Monthly,Percent,United States,National
2017-11-01,1.35,FEDFUNDS,Federal Funds Rate,Monthly,Percent,United States,National
2017-12-01,1.42,FEDFUNDS,Federal Funds Rate,Monthly,Percent,United States,National
2018-01-01,1.48,FEDFUNDS,Federal Funds Rate,Monthly,Percent,United States,National
2018-02-01,1.53,FEDFUNDS,Federal Funds Rate,Monthly,Percent,United States,National
2018-03-01,1.58,FEDFUNDS,Federal Funds Rate,Monthly,Percent,United States,National
2018-04-01,1.62,FEDFUNDS,Federal Funds Rate,Monthly,Percent,United States,National
2018-05-01,1.7,FEDFUNDS,Federal Funds Rate,Monthly,Percent,United States,National
2018-06-01,1.77,FEDFUNDS,Federal Funds Rate,Monthly,Percent,United States,National
2018-07-01,1.81,FEDFUNDS,Federal Funds Rate,Monthly,Percent,United States,National
2018-08-01,1.87,FEDFUNDS,Federal Funds Rate,Monthly,Percent,United States,National
2018-09-01,1.95,FEDFUNDS,Federal Funds Rate,Monthly,Percent,United States,National
2018-10-01,1.97,FEDFUNDS,Federal Funds Rate,Monthly,Percent,United States,National
2018-11-01,2.04,FEDFUNDS,Federal Funds Rate,Monthly,Percent,United States,National
2018-12-01,2.09,FEDFUNDS,Federal Funds Rate,Monthly,Percent,United States,National
2019-01-01,0.08,FEDFUNDS,Federal Funds Rate,Monthly,Percent,United States,National
2019-02-01,0.08,FEDFUNDS,Federal Funds Rate,Monthly,Percent,United States,National
2019-03-01,0.08,FEDFUNDS,Federal Funds Rate,Monthly,Percent,United States,National
2019-04-01,0.08,FEDFUNDS,Federal Funds Rate,Monthly,Percent,United States,National
2019-05-01,0.08,FEDFUNDS,Federal Funds Rate,Monthly,Percent,United States,National
2019-06-01,0.08,FEDFUNDS,Federal Funds Rate,Monthly,Percent,United States,National
2019-07-01,0.08,FEDFUNDS,Federal Funds Rate,Monthly,Percent,United States,National
2019-08-01,1.5,FEDFUNDS,Federal Funds Rate,Monthly,Percent,United States,National
2019-09-01,1.5,FEDFUNDS,Federal Funds Rate,Monthly,Percent,United States,National
2019-10-01,1.5,FEDFUNDS,Federal Funds Rate,Monthly,Percent,United States,National
2019-11-01,1.5,FEDFUNDS,Federal Funds Rate,Monthly,Percent,United States,National
2019-12-01,1.5,FEDFUNDS,Federal Funds Rate,Monthly,Percent,United States,National
2020-01-01,0.08,FEDFUNDS,Federal Funds Rate,Monthly,Percent,United States,National
2020-02-01,0.08,FEDFUNDS,Federal Funds Rate,Monthly,Percent,United States,National
2020-03-01,0.08,FEDFUNDS,Federal Funds Rate,Monthly,Percent,United States,National
2020-04-01,0.08,FEDFUNDS,Federal Funds Rate,Monthly,Percent,United States,National
2020-05-01,0.08,FEDFUNDS,Federal Funds Rate,Monthly,Percent,United States,National
2020-06-01,0.08,FEDFUNDS,Federal Funds Rate,Monthly,Percent,United States,National
2020-07-01,0.08,FEDFUNDS,Federal Funds Rate,Monthly,Percent,United States,National
2020-08-01,0.08,FEDFUNDS,Federal Funds Rate,Monthly,Percent,United States,National
2020-09-01,0.08,FEDFUNDS,Federal Funds Rate,Monthly,Percent,United States,National
2020-10-01,0.08,FEDFUNDS,Federal Funds Rate,Monthly,Percent,United States,National
2020-11-01,0.08,FEDFUNDS,Federal Funds Rate,Monthly,Percent,United States,National
2020-12-01,0.08,FEDFUNDS,Federal Funds Rate,Monthly,Percent,United States,National
2021-01-01,0.08,FEDFUNDS,Federal Funds Rate,Monthly,Percent,United States,National
2021-02-01,0.08,FEDFUNDS,Federal Funds Rate,Monthly,Percent,United States,National
2021-03-01,0.08,FEDFUNDS,Federal Funds Rate,Monthly,Percent,United States,National
2021-04-01,0.08,FEDFUNDS,Federal Funds Rate,Monthly,Percent,United States,National
2021-05-01,0.08,FEDFUNDS,Federal Funds Rate,Monthly,Percent,United States,National
2021-06-01,0.08,FEDFUNDS,Federal Funds Rate,Monthly,Percent,United States,National
2021-07-01,0.08,FEDFUNDS,Federal Funds Rate,Monthly,Percent,United States,National
2021-08-01,0.08,FEDFUNDS,Federal Funds Rate,Monthly,Percent,United States,National
2021-09-01,0.08,FEDFUNDS,Federal Funds Rate,Monthly,Percent,United States,National
2021-10-01,0.08,FEDFUNDS,Federal Funds Rate,Monthly,Percent,United States,National
2021-11-01,0.08,FEDFUNDS,Federal Funds Rate,Monthly,Percent,United States,National
2021-12-01,0.08,FEDFUNDS,Federal Funds Rate,Monthly,Percent,United States,National
2022-01-01,0.08,FEDFUNDS,Federal Funds Rate,Monthly,Percent,United States,National
2022-02-01,0.08,FEDFUNDS,Federal Funds Rate,Monthly,Percent,United States,National
2022-03-01,0.41,FEDFUNDS,Federal Funds Rate,Monthly,Percent,United States,National
2022-04-01,0.62,FEDFUNDS,Federal Funds Rate,Monthly,Percent,United States,National
2022-05-01,0.98,FEDFUNDS,Federal Funds Rate,Monthly,Percent,United States,National
2022-06-01,1.11,FEDFUNDS,Federal Funds Rate,Monthly,Percent,United States,National
2022-07-01,1.41,FEDFUNDS,Federal Funds Rate,Monthly,Percent,United States,National
2022-08-01,1.59,FEDFUNDS,Federal Funds Rate,Monthly,Percent,United States,National
2022-09-01,1.82,FEDFUNDS,Federal Funds Rate,Monthly,Percent,United States,National
2022-10-01,2.13,FEDFUNDS,Federal Funds Rate,Monthly,Percent,United States,National
2022-11-01,2.34,FEDFUNDS,Federal Funds Rate,Monthly,Percent,United States,National
2022-12-01,2.6,FEDFUNDS,Federal Funds Rate,Monthly,Percent,United States,National
2023-01-01,2.73,FEDFUNDS,Federal Funds Rate,Monthly,Percent,United States,National
2023-02-01,2.78,FEDFUNDS,Federal Funds Rate,Monthly,Percent,United States,National
2023-03-01,2.9,FEDFUNDS,Federal Funds Rate,Monthly,Percent,United States,National
2023-04-01,2.93,FEDFUNDS,Federal Funds Rate,Monthly,Percent,United States,National
2023-05-01,3.03,FEDFUNDS,Federal Funds Rate,Monthly,Percent,United States,National
2023-06-01,3.19,FEDFUNDS,Federal Funds Rate,Monthly,Percent,United States,National
2023-07-01,3.14,FEDFUNDS,Federal Funds Rate,Monthly,Percent,United States,National
2023-08-01,3.18,FEDFUNDS,Federal Funds Rate,Monthly,Percent,United States,National
2023-09-01,3.29,FEDFUNDS,Federal Funds Rate,Monthly,Percent,United States,National
2023-10-01,3.36,FEDFUNDS,Federal Funds Rate,Monthly,Percent,United States,National
2023-11-01,3.46,FEDFUNDS,Federal Funds Rate,Monthly,Percent,United States,National
2023-12-01,3.51,FEDFUNDS,Federal Funds Rate,Monthly,Percent,United States,National
2024-01-01,4.25,FEDFUNDS,Federal Funds Rate,Monthly,Percent,United States,National
2024-02-01,4.25,FEDFUNDS,Federal Funds Rate,Monthly,Percent,United States,National
2024-03-01,4.25,FEDFUNDS,Federal Funds Rate,Monthly,Percent,United States,National
2024-04-01,4.25,FEDFUNDS,Federal Funds Rate,Monthly,Percent,United States,National
2024-05-01,4.25,FEDFUNDS,Federal Funds Rate,Monthly,Percent,United States,National
2024-06-01,4.25,FEDFUNDS,Federal Funds Rate,Monthly,Percent,United States,National
2024-07-01,4.25,FEDFUNDS,Federal Funds Rate,Monthly,Percent,United States,National
2024-08-01,4.25,FEDFUNDS,Federal Funds Rate,Monthly,Percent,United States,National
2024-09-01,4.25,FEDFUNDS,Federal Funds Rate,Monthly,Percent,United States,National
2024-10-01,4.25,FEDFUNDS,Federal Funds Rate,Monthly,Percent,United States,National
2024-11-01,4.25,FEDFUNDS,Federal Funds Rate,Monthly,Percent,United States,National
2024-12-01,4.25,FEDFUNDS,Federal Funds Rate,Monthly,Percent,United States,National
2025-01-01,4.25,FEDFUNDS,Federal Funds Rate,Monthly,Percent,United States,National
2025-02-01,4.25,FEDFUNDS,Federal Funds Rate,Monthly,Percent,United States,National
2025-03-01,4.25,FEDFUNDS,Federal Funds Rate,Monthly,Percent,United States,National
2025-04-01,4.25,FEDFUNDS,Federal Funds Rate,Monthly,Percent,United States,National
2025-05-01,4.25,FEDFUNDS,Federal Funds Rate,Monthly,Percent,United States,National
2025-06-01,4.25,FEDFUNDS,Federal Funds Rate,Monthly,Percent,United States,National
2025-07-01,4.25,FEDFUNDS,Federal Funds Rate,Monthly,Percent,United States,National
2025-08-01,4.25,FEDFUNDS,Federal Funds Rate,Monthly,Percent,United States,National
2025-09-01,4.25,FEDFUNDS,Federal Funds Rate,Monthly,Percent,United States,National
2025-10-01,4.25,FEDFUNDS,Federal Funds Rate,Monthly,Percent,United States,National
2025-11-01,4.25,FEDFUNDS,Federal Funds Rate,Monthly,Percent,United States,National
2025-12-01,4.25,FEDFUNDS,Federal Funds Rate,Monthly,Percent,United States,National
